{
  "totals": {
    "pixel_count": 6528000,
    "point_count": 102,
    "numel": 65280000,
    "samples": 102
  },
  "physical": {
    "per_variable": {
      "mse": [
        0.5038377872541839,
        0.4319597969055176,
        0.3706281555774165,
        0.3466333796931248,
        0.13550569302428003,
        0.07489684340533088,
        2089.8358446691177,
        2086.515007046569,
        279610314405.6872,
        0.10774611701217353
      ],
      "rmse": [
        0.7098153191177152,
        0.6572364847644397,
        0.6087923747694418,
        0.5887557895198354,
        0.36811097922267955,
        0.2736728766343696,
        45.71472240612555,
        45.678386651091,
        528781.915732457,
        0.328247036562668
      ],
      "mae": [
        0.44751515257592295,
        0.3816777126835842,
        0.38291991604075715,
        0.34330656403186277,
        0.23849758178112554,
        0.1616152073729272,
        30.165369600183823,
        30.133383942248777,
        353395.76909803925,
        0.2031236712137858
      ],
      "point_mse": [
        0.503574218136736,
        0.3036581226016792,
        0.3526012497649519,
        0.23879615595454678,
        0.1456071497063842,
        0.05019031168042014,
        3301.04129548506,
        3299.6038932677575,
        233343879962.16666,
        0.06523790214933957
      ],
      "point_rmse": [
        0.7096296344831831,
        0.5510518329537424,
        0.5938023659139057,
        0.48866773574131817,
        0.3815850491127557,
        0.22403194343758245,
        57.45468906438412,
        57.44217869534335,
        483056.80821427895,
        0.25541711404943007
      ],
      "point_mae": [
        0.5598530748530346,
        0.4175577238202095,
        0.4698488631961392,
        0.3699990016426526,
        0.30267412945920347,
        0.174022940900542,
        47.14677207142699,
        47.17544200373631,
        353410.8872549019,
        0.1942674184546751
      ]
    },
    "per_lead": {
      "rmse": [
        167659.08366251693,
        167213.57010149746,
        167117.54058274967,
        167013.81230475698,
        167007.12044514695,
        165865.49463993963,
        164915.37055242565,
        170870.13220833678,
        313327.8233444987,
        404439.95892073045,
        432826.3584119596,
        432754.8663679306
      ],
      "point_rmse": [
        0.20107059112668837,
        0.20609916066276157,
        0.2064047995505043,
        0.20689432964219928,
        0.2123053103780813,
        0.21410259542926885,
        0.2038380601531306,
        0.25541711404943007,
        0.4077740373137062,
        0.5265210201329223,
        0.6447437747005861,
        0.7527520100861941
      ],
      "point_mae": [
        0.12840706581140265,
        0.13350095917635105,
        0.13353341297410867,
        0.13763625240501234,
        0.13945062531560076,
        0.14319748851452388,
        0.13362753301785857,
        0.1942674184546751,
        0.32006007056720187,
        0.43406067833304407,
        0.5499122875055882,
        0.6484072288992454
      ]
    },
    "overall": {
      "mse": 27961031825.53419,
      "rmse": 167215.52507328437,
      "mae": 35345.82275524901
    }
  },
  "normalized": {
    "per_variable": {
      "mse": [
        0.20108867514367199,
        0.11292469187343822,
        0.19513762029012044,
        0.11069651841182335,
        0.11337537367203657,
        0.06386175881180109,
        0.14717239409802008,
        0.1468607038610122,
        0.17766794788136203,
        0.053463742695602716
      ],
      "rmse": [
        0.448429119419861,
        0.33604269352782873,
        0.4417438401269682,
        0.33271086308057835,
        0.33671259802988746,
        0.2527088419739228,
        0.38363054375012956,
        0.3832240909194152,
        0.42150675899843176,
        0.23122227984258506
      ],
      "mae": [
        0.28271977144129135,
        0.19515046654495538,
        0.27784926665063,
        0.1940054345972398,
        0.21815469958735448,
        0.1492350736879835,
        0.2531428933237113,
        0.2528074993806727,
        0.2817015889485677,
        0.1430834498685949
      ],
      "point_mse": [
        0.20098348323198273,
        0.07938353884014314,
        0.18564635200343493,
        0.07625895846342924,
        0.12182709965974722,
        0.04279541532114576,
        0.23246904722032793,
        0.2322447439527619,
        0.14826966507951725,
        0.032371120939401136
      ],
      "point_rmse": [
        0.4483118147361083,
        0.2817508453228546,
        0.4308669771558676,
        0.2761502461766588,
        0.349037390059786,
        0.20687052791817823,
        0.4821504404439842,
        0.48191777717029893,
        0.3850580022276089,
        0.17991976250373704
      ],
      "point_mae": [
        0.35368978330755935,
        0.2134957523906932,
        0.3409254877079351,
        0.20908956127423867,
        0.27685725469799605,
        0.16069234352485806,
        0.39564806986234935,
        0.3957838058544725,
        0.28171363261108306,
        0.13684496404055288
      ]
    },
    "per_lead": {
      "rmse": [
        0.3513871667137734,
        0.3489501457524282,
        0.3498788954920371,
        0.34428165238574293,
        0.344959472862382,
        0.3447538755396714,
        0.34156618720736204,
        0.4659351537192416,
        0.5907530191020957,
        0.6997096154544917,
        0.7637627150320612,
        0.8071623162432904
      ],
      "point_rmse": [
        0.14163722833709083,
        0.14517942553779806,
        0.14539472750415444,
        0.14573955704112626,
        0.14955114529204774,
        0.15081716863568628,
        0.14358668293558152,
        0.17991976250373704,
        0.2872423215899017,
        0.3708895391409183,
        0.454167464501096,
        0.5302501342767753
      ],
      "point_mae": [
        0.09045191439708658,
        0.09404012975374273,
        0.09406299585038248,
        0.09695309296469479,
        0.098231178507501,
        0.1008705107276054,
        0.09412929194741974,
        0.13684496404055288,
        0.22545525092299623,
        0.3057590449228883,
        0.38736670404070556,
        0.4567480593615649
      ]
    },
    "overall": {
      "mse": 0.13222494264249157,
      "rmse": 0.3636274778430414,
      "mae": 0.22478501441529733
    }
  }
}